"","time","P1eu"
"1",2017-12-02 18:00:00,33.77
"2",2017-12-02 19:00:00,25.03
"3",2017-12-02 20:00:00,25.13
"4",2017-12-02 21:00:00,37.95
"5",2017-12-02 22:00:00,100.3
"6",2017-12-02 23:00:00,54.92
"7",2017-12-03 00:00:00,48.77
"8",2017-12-03 01:00:00,22.61
"9",2017-12-03 02:00:00,33.04
"10",2017-12-03 03:00:00,25.93
"11",2017-12-03 04:00:00,34.22
"12",2017-12-03 05:00:00,40.64
"13",2017-12-03 06:00:00,42.72
"14",2017-12-03 07:00:00,57.95
"15",2017-12-03 08:00:00,55.74
"16",2017-12-03 09:00:00,34.46
"17",2017-12-03 10:00:00,10.79
"18",2017-12-03 11:00:00,12.09
"19",2017-12-03 12:00:00,10.38
"20",2017-12-03 13:00:00,8.9
"21",2017-12-03 14:00:00,9.17
"22",2017-12-03 15:00:00,12.11
"23",2017-12-03 16:00:00,17.06
"24",2017-12-03 17:00:00,28.82
"25",2017-12-03 18:00:00,63.36
"26",2017-12-03 19:00:00,80.74
"27",2017-12-03 20:00:00,100.08
"28",2017-12-03 21:00:00,251.29
"29",2017-12-03 22:00:00,53.39
"30",2017-12-03 23:00:00,29.4
"31",2017-12-04 00:00:00,29.47
"32",2017-12-04 01:00:00,22.22
"33",2017-12-04 02:00:00,18.08
"34",2017-12-04 03:00:00,12.82
"35",2017-12-04 04:00:00,10.33
"36",2017-12-04 05:00:00,12.69
"37",2017-12-04 06:00:00,13.92
"38",2017-12-04 07:00:00,20.92
"39",2017-12-04 08:00:00,21.86
"40",2017-12-04 09:00:00,25.32
"41",2017-12-04 10:00:00,19.94
"42",2017-12-04 11:00:00,19.6
"43",2017-12-04 12:00:00,20.61
"44",2017-12-04 13:00:00,18.4
"45",2017-12-04 14:00:00,21.72
"46",2017-12-04 15:00:00,21.38
"47",2017-12-04 16:00:00,20.99
"48",2017-12-04 17:00:00,26.36
"49",2017-12-04 18:00:00,26.41
"50",2017-12-04 19:00:00,24.03
"51",2017-12-04 20:00:00,23.47
"52",2017-12-04 21:00:00,17.61
"53",2017-12-04 22:00:00,22.84
"54",2017-12-04 23:00:00,24.08
"55",2017-12-05 00:00:00,19.42
"56",2017-12-05 01:00:00,9.1
"57",2017-12-05 02:00:00,7.2
"58",2017-12-05 03:00:00,19.22
"59",2017-12-05 04:00:00,12.05
"60",2017-12-05 05:00:00,13.48
"61",2017-12-05 06:00:00,9.38
"62",2017-12-05 07:00:00,6.81
"63",2017-12-05 08:00:00,10.7
"64",2017-12-05 09:00:00,9.21
"65",2017-12-05 10:00:00,9.43
"66",2017-12-05 11:00:00,8.97
"67",2017-12-05 12:00:00,12.1
"68",2017-12-05 13:00:00,14.31
"69",2017-12-05 14:00:00,15.51
"70",2017-12-05 15:00:00,15.94
"71",2017-12-05 16:00:00,20.96
"72",2017-12-05 17:00:00,18.65
"73",2017-12-05 18:00:00,16.46
"74",2017-12-05 19:00:00,15.27
"75",2017-12-05 20:00:00,20.07
"76",2017-12-05 21:00:00,18.92
"77",2017-12-05 22:00:00,19.27
"78",2017-12-05 23:00:00,15.68
"79",2017-12-06 00:00:00,14.95
"80",2017-12-06 01:00:00,14.99
"81",2017-12-06 02:00:00,11.77
"82",2017-12-06 03:00:00,15.02
"83",2017-12-06 04:00:00,13.68
"84",2017-12-06 05:00:00,12.36
"85",2017-12-06 06:00:00,11.84
"86",2017-12-06 07:00:00,8.94
"87",2017-12-06 08:00:00,9.87
"88",2017-12-06 09:00:00,11.13
"89",2017-12-06 10:00:00,8.93
"90",2017-12-06 11:00:00,12.41
"91",2017-12-06 12:00:00,13.83
"92",2017-12-06 13:00:00,14.84
"93",2017-12-06 14:00:00,13.47
"94",2017-12-06 15:00:00,12.44
"95",2017-12-06 16:00:00,14.37
"96",2017-12-06 17:00:00,15.65
"97",2017-12-06 18:00:00,15.93
"98",2017-12-06 19:00:00,57.41
"99",2017-12-06 20:00:00,43.62
"100",2017-12-06 21:00:00,25.95
"101",2017-12-06 22:00:00,20.04
"102",2017-12-06 23:00:00,NA
"103",2017-12-07 00:00:00,23.77
"104",2017-12-07 01:00:00,18.79
"105",2017-12-07 02:00:00,4.14
"106",2017-12-07 03:00:00,3.69
"107",2017-12-07 04:00:00,3.89
"108",2017-12-07 05:00:00,4.15
"109",2017-12-07 06:00:00,4.53
"110",2017-12-07 07:00:00,6.15
"111",2017-12-07 08:00:00,9.71
"112",2017-12-07 09:00:00,14.47
"113",2017-12-07 10:00:00,11.82
"114",2017-12-07 11:00:00,14.79
"115",2017-12-07 12:00:00,14.15
"116",2017-12-07 13:00:00,13.49
"117",2017-12-07 14:00:00,18.62
"118",2017-12-07 15:00:00,16.27
"119",2017-12-07 16:00:00,13.72
"120",2017-12-07 17:00:00,27.96
"121",2017-12-07 18:00:00,41.53
"122",2017-12-07 19:00:00,55.56
"123",2017-12-07 20:00:00,110.94
"124",2017-12-07 21:00:00,127.86
"125",2017-12-07 22:00:00,141.69
"126",2017-12-07 23:00:00,152.61
"127",2017-12-08 00:00:00,140.06
"128",2017-12-08 01:00:00,158.07
"129",2017-12-08 02:00:00,150
"130",2017-12-08 03:00:00,148.62
"131",2017-12-08 04:00:00,99.63
"132",2017-12-08 05:00:00,72.44
"133",2017-12-08 06:00:00,82.73
"134",2017-12-08 07:00:00,97.84
"135",2017-12-08 08:00:00,97.36
"136",2017-12-08 09:00:00,118.11
"137",2017-12-08 10:00:00,167.31
"138",2017-12-08 11:00:00,163.35
"139",2017-12-08 12:00:00,99.1
"140",2017-12-08 13:00:00,68.1
"141",2017-12-08 14:00:00,58.06
"142",2017-12-08 15:00:00,50.53
"143",2017-12-08 16:00:00,51.13
"144",2017-12-08 17:00:00,64.29
"145",2017-12-08 18:00:00,89.66
"146",2017-12-08 19:00:00,100.48
"147",2017-12-08 20:00:00,116.16
"148",2017-12-08 21:00:00,160.88
"149",2017-12-08 22:00:00,180.23
"150",2017-12-08 23:00:00,181.74
"151",2017-12-09 00:00:00,191.36
"152",2017-12-09 01:00:00,198.02
"153",2017-12-09 02:00:00,162.51
"154",2017-12-09 03:00:00,137.66
"155",2017-12-09 04:00:00,129.21
"156",2017-12-09 05:00:00,158.8
"157",2017-12-09 06:00:00,169.21
"158",2017-12-09 07:00:00,155.87
"159",2017-12-09 08:00:00,93.13
"160",2017-12-09 09:00:00,79.71
"161",2017-12-09 10:00:00,62.02
"162",2017-12-09 11:00:00,52.9
"163",2017-12-09 12:00:00,59.23
"164",2017-12-09 13:00:00,18.77
"165",2017-12-09 14:00:00,13.12
"166",2017-12-09 15:00:00,5.89
"167",2017-12-09 16:00:00,7.02
"168",2017-12-09 17:00:00,8.33
"169",2017-12-09 18:00:00,9.62
"170",2017-12-09 19:00:00,11.57
"171",2017-12-09 20:00:00,8.47
"172",2017-12-09 21:00:00,8.15
"173",2017-12-09 22:00:00,9.66
"174",2017-12-09 23:00:00,13.44
"175",2017-12-10 00:00:00,14.33
"176",2017-12-10 01:00:00,7.73
"177",2017-12-10 02:00:00,5.65
"178",2017-12-10 03:00:00,4.06
"179",2017-12-10 04:00:00,3.52
"180",2017-12-10 05:00:00,4.31
"181",2017-12-10 06:00:00,4.32
"182",2017-12-10 07:00:00,4.88
"183",2017-12-10 08:00:00,7.9
"184",2017-12-10 09:00:00,5.89
"185",2017-12-10 10:00:00,12.53
"186",2017-12-10 11:00:00,12.15
"187",2017-12-10 12:00:00,8.09
"188",2017-12-10 13:00:00,8.33
"189",2017-12-10 14:00:00,6.91
"190",2017-12-10 15:00:00,15.78
"191",2017-12-10 16:00:00,14.09
"192",2017-12-10 17:00:00,23.44
"193",2017-12-10 18:00:00,32.79
"194",2017-12-10 19:00:00,39.29
"195",2017-12-10 20:00:00,40.39
"196",2017-12-10 21:00:00,135.48
"197",2017-12-10 22:00:00,178.1
"198",2017-12-10 23:00:00,172.87
"199",2017-12-11 00:00:00,156.24
"200",2017-12-11 01:00:00,220.21
"201",2017-12-11 02:00:00,193.42
"202",2017-12-11 03:00:00,177.74
"203",2017-12-11 04:00:00,147.59
"204",2017-12-11 05:00:00,109.77
"205",2017-12-11 06:00:00,100.54
"206",2017-12-11 07:00:00,85.82
"207",2017-12-11 08:00:00,103.13
"208",2017-12-11 09:00:00,77.68
"209",2017-12-11 10:00:00,52.38
"210",2017-12-11 11:00:00,33.84
"211",2017-12-11 12:00:00,NA
"212",2017-12-11 13:00:00,77.93
"213",2017-12-11 14:00:00,50.12
"214",2017-12-11 15:00:00,20.67
"215",2017-12-11 16:00:00,22.77
"216",2017-12-11 17:00:00,32.14
"217",2017-12-11 18:00:00,87.78
"218",2017-12-11 19:00:00,115.29
"219",2017-12-11 20:00:00,95.31
"220",2017-12-11 21:00:00,109.75
"221",2017-12-11 22:00:00,131.6
"222",2017-12-11 23:00:00,91.24
"223",2017-12-12 00:00:00,85.56
"224",2017-12-12 01:00:00,81.27
"225",2017-12-12 02:00:00,74.31
"226",2017-12-12 03:00:00,66.55
"227",2017-12-12 04:00:00,62.17
"228",2017-12-12 05:00:00,54.08
"229",2017-12-12 06:00:00,39.15
"230",2017-12-12 07:00:00,38.53
"231",2017-12-12 08:00:00,49.81
"232",2017-12-12 09:00:00,42.41
"233",2017-12-12 10:00:00,36.82
"234",2017-12-12 11:00:00,34.91
"235",2017-12-12 12:00:00,36.67
"236",2017-12-12 13:00:00,44.1
"237",2017-12-12 14:00:00,33.98
"238",2017-12-12 15:00:00,32.64
"239",2017-12-12 16:00:00,31.19
"240",2017-12-12 17:00:00,34.17
"241",2017-12-12 18:00:00,31.85
"242",2017-12-12 19:00:00,8.37
"243",2017-12-12 20:00:00,9.68
"244",2017-12-12 21:00:00,10.9
"245",2017-12-12 22:00:00,35.71
"246",2017-12-12 23:00:00,56.09
"247",2017-12-13 00:00:00,57.21
"248",2017-12-13 01:00:00,63.68
"249",2017-12-13 02:00:00,57.92
"250",2017-12-13 03:00:00,57.09
"251",2017-12-13 04:00:00,63.63
"252",2017-12-13 05:00:00,66.09
"253",2017-12-13 06:00:00,59.53
"254",2017-12-13 07:00:00,51.62
"255",2017-12-13 08:00:00,42.74
"256",2017-12-13 09:00:00,75.55
"257",2017-12-13 10:00:00,95.29
"258",2017-12-13 11:00:00,NA
"259",2017-12-13 12:00:00,51.4
"260",2017-12-13 13:00:00,50.24
"261",2017-12-13 14:00:00,47.42
"262",2017-12-13 15:00:00,42.05
"263",2017-12-13 16:00:00,42.25
"264",2017-12-13 17:00:00,83.45
"265",2017-12-13 18:00:00,88.39
"266",2017-12-13 19:00:00,163.19
"267",2017-12-13 20:00:00,172.53
"268",2017-12-13 21:00:00,115.67
"269",2017-12-13 22:00:00,105.69
"270",2017-12-13 23:00:00,70.96
"271",2017-12-14 00:00:00,167.85
"272",2017-12-14 01:00:00,137.83
"273",2017-12-14 02:00:00,29.7
"274",2017-12-14 03:00:00,33.97
"275",2017-12-14 04:00:00,35.83
"276",2017-12-14 05:00:00,31.75
"277",2017-12-14 06:00:00,31.32
"278",2017-12-14 07:00:00,30.28
"279",2017-12-14 08:00:00,35.21
"280",2017-12-14 09:00:00,43.33
"281",2017-12-14 10:00:00,65.7
"282",2017-12-14 11:00:00,NA
"283",2017-12-14 12:00:00,70.75
"284",2017-12-14 13:00:00,24.56
"285",2017-12-14 14:00:00,12.95
"286",2017-12-14 15:00:00,6.64
"287",2017-12-14 16:00:00,6.76
"288",2017-12-14 17:00:00,6.18
"289",2017-12-14 18:00:00,6.75
"290",2017-12-14 19:00:00,23.29
"291",2017-12-14 20:00:00,23.18
"292",2017-12-14 21:00:00,13.86
"293",2017-12-14 22:00:00,19.46
"294",2017-12-14 23:00:00,20.16
"295",2017-12-15 00:00:00,26.6
"296",2017-12-15 01:00:00,28.71
"297",2017-12-15 02:00:00,44.76
"298",2017-12-15 03:00:00,33.23
"299",2017-12-15 04:00:00,32.58
"300",2017-12-15 05:00:00,36.04
"301",2017-12-15 06:00:00,36.56
"302",2017-12-15 07:00:00,38.94
"303",2017-12-15 08:00:00,44.78
"304",2017-12-15 09:00:00,55.26
"305",2017-12-15 10:00:00,61.67
"306",2017-12-15 11:00:00,NA
"307",2017-12-15 12:00:00,64.84
"308",2017-12-15 13:00:00,42.95
"309",2017-12-15 14:00:00,38.55
"310",2017-12-15 15:00:00,50.37
"311",2017-12-15 16:00:00,66.62
"312",2017-12-15 17:00:00,100.54
"313",2017-12-15 18:00:00,83.2
"314",2017-12-15 19:00:00,73.69
"315",2017-12-15 20:00:00,90.03
"316",2017-12-15 21:00:00,101.55
"317",2017-12-15 22:00:00,40.42
"318",2017-12-15 23:00:00,25.59
"319",2017-12-16 00:00:00,23.15
"320",2017-12-16 01:00:00,12.21
"321",2017-12-16 02:00:00,7.31
"322",2017-12-16 03:00:00,6.54
"323",2017-12-16 04:00:00,6.26
"324",2017-12-16 05:00:00,6.73
"325",2017-12-16 06:00:00,6.42
"326",2017-12-16 07:00:00,7.13
"327",2017-12-16 08:00:00,8.3
"328",2017-12-16 09:00:00,9.71
"329",2017-12-16 10:00:00,9.78
"330",2017-12-16 11:00:00,NA
"331",2017-12-16 12:00:00,12.07
"332",2017-12-16 13:00:00,12.26
"333",2017-12-16 14:00:00,13
"334",2017-12-16 15:00:00,13.66
"335",2017-12-16 16:00:00,13.39
"336",2017-12-16 17:00:00,20.53
"337",2017-12-16 18:00:00,22.13
"338",2017-12-16 19:00:00,32.29
"339",2017-12-16 20:00:00,27.13
"340",2017-12-16 21:00:00,32.17
"341",2017-12-16 22:00:00,21.42
"342",2017-12-16 23:00:00,8.43
"343",2017-12-17 00:00:00,5.25
"344",2017-12-17 01:00:00,4.46
"345",2017-12-17 02:00:00,4.01
"346",2017-12-17 03:00:00,3.82
"347",2017-12-17 04:00:00,3.25
"348",2017-12-17 05:00:00,2.12
"349",2017-12-17 06:00:00,2.5
"350",2017-12-17 07:00:00,3.44
"351",2017-12-17 08:00:00,11.22
"352",2017-12-17 09:00:00,8.99
"353",2017-12-17 10:00:00,7.4
"354",2017-12-17 11:00:00,NA
"355",2017-12-17 12:00:00,13.88
"356",2017-12-17 13:00:00,38.43
"357",2017-12-17 14:00:00,38.57
"358",2017-12-17 15:00:00,21.21
"359",2017-12-17 16:00:00,21.19
"360",2017-12-17 17:00:00,14.97
"361",2017-12-17 18:00:00,13.28
"362",2017-12-17 19:00:00,14.77
"363",2017-12-17 20:00:00,13.6
"364",2017-12-17 21:00:00,10.51
"365",2017-12-17 22:00:00,14.81
"366",2017-12-17 23:00:00,15.34
"367",2017-12-18 00:00:00,12.39
"368",2017-12-18 01:00:00,13.7
"369",2017-12-18 02:00:00,12.72
"370",2017-12-18 03:00:00,10.6
"371",2017-12-18 04:00:00,13.4
"372",2017-12-18 05:00:00,12.2
"373",2017-12-18 06:00:00,16.65
"374",2017-12-18 07:00:00,13.46
"375",2017-12-18 08:00:00,16.92
"376",2017-12-18 09:00:00,26.52
"377",2017-12-18 10:00:00,24.2
"378",2017-12-18 11:00:00,NA
"379",2017-12-18 12:00:00,23.88
"380",2017-12-18 13:00:00,23.98
"381",2017-12-18 14:00:00,29.88
"382",2017-12-18 15:00:00,31.65
"383",2017-12-18 16:00:00,30.17
"384",2017-12-18 17:00:00,27.26
"385",2017-12-18 18:00:00,33.37
"386",2017-12-18 19:00:00,31.94
"387",2017-12-18 20:00:00,29.88
"388",2017-12-18 21:00:00,30.88
"389",2017-12-18 22:00:00,27.33
"390",2017-12-18 23:00:00,17.86
"391",2017-12-19 00:00:00,18.86
"392",2017-12-19 01:00:00,22.38
"393",2017-12-19 02:00:00,23.81
"394",2017-12-19 03:00:00,28.48
"395",2017-12-19 04:00:00,30.73
"396",2017-12-19 05:00:00,30.8
"397",2017-12-19 06:00:00,30.3
"398",2017-12-19 07:00:00,26.89
"399",2017-12-19 08:00:00,27.66
"400",2017-12-19 09:00:00,29.29
"401",2017-12-19 10:00:00,24.71
"402",2017-12-19 11:00:00,NA
"403",2017-12-19 12:00:00,23.75
"404",2017-12-19 13:00:00,21.69
"405",2017-12-19 14:00:00,24.02
"406",2017-12-19 15:00:00,29.57
"407",2017-12-19 16:00:00,29.84
"408",2017-12-19 17:00:00,29.91
"409",2017-12-19 18:00:00,35.82
"410",2017-12-19 19:00:00,34.99
"411",2017-12-19 20:00:00,37.38
"412",2017-12-19 21:00:00,35.08
"413",2017-12-19 22:00:00,31.05
"414",2017-12-19 23:00:00,31.66
"415",2017-12-20 00:00:00,NA
"416",2017-12-20 01:00:00,NA
"417",2017-12-20 02:00:00,NA
"418",2017-12-20 03:00:00,NA
"419",2017-12-20 04:00:00,NA
"420",2017-12-20 05:00:00,NA
"421",2017-12-20 06:00:00,NA
"422",2017-12-20 07:00:00,NA
"423",2017-12-20 08:00:00,31.91
"424",2017-12-20 09:00:00,35.95
"425",2017-12-20 10:00:00,33.13
"426",2017-12-20 11:00:00,NA
"427",2017-12-20 12:00:00,26.19
"428",2017-12-20 13:00:00,20.26
"429",2017-12-20 14:00:00,15.91
"430",2017-12-20 15:00:00,16.6
"431",2017-12-20 16:00:00,16.53
"432",2017-12-20 17:00:00,20.84
"433",2017-12-20 18:00:00,22.93
"434",2017-12-20 19:00:00,17.73
"435",2017-12-20 20:00:00,17.59
"436",2017-12-20 21:00:00,22.62
"437",2017-12-20 22:00:00,14.26
"438",2017-12-20 23:00:00,13.36
"439",2017-12-21 00:00:00,14.95
"440",2017-12-21 01:00:00,15.72
"441",2017-12-21 02:00:00,13.19
"442",2017-12-21 03:00:00,15.34
"443",2017-12-21 04:00:00,13.93
"444",2017-12-21 05:00:00,14.13
"445",2017-12-21 06:00:00,14.9
"446",2017-12-21 07:00:00,16.41
"447",2017-12-21 08:00:00,22.7
"448",2017-12-21 09:00:00,24.66
"449",2017-12-21 10:00:00,26.65
"450",2017-12-21 11:00:00,NA
"451",2017-12-21 12:00:00,24.96
"452",2017-12-21 13:00:00,29.6
"453",2017-12-21 14:00:00,33.7
"454",2017-12-21 15:00:00,31.72
"455",2017-12-21 16:00:00,35.65
"456",2017-12-21 17:00:00,42.23
"457",2017-12-21 18:00:00,39.78
"458",2017-12-21 19:00:00,33.81
"459",2017-12-21 20:00:00,37.48
"460",2017-12-21 21:00:00,45.01
"461",2017-12-21 22:00:00,36.4
"462",2017-12-21 23:00:00,38.15
"463",2017-12-22 00:00:00,30.15
"464",2017-12-22 01:00:00,29.59
"465",2017-12-22 02:00:00,24.86
"466",2017-12-22 03:00:00,23.32
"467",2017-12-22 04:00:00,25.53
"468",2017-12-22 05:00:00,24.18
"469",2017-12-22 06:00:00,24.6
"470",2017-12-22 07:00:00,25.6
"471",2017-12-22 08:00:00,32.73
"472",2017-12-22 09:00:00,NA
"473",2017-12-22 10:00:00,30.85
"474",2017-12-22 11:00:00,NA
"475",2017-12-22 12:00:00,26.38
"476",2017-12-22 13:00:00,22.33
"477",2017-12-22 14:00:00,26.83
"478",2017-12-22 15:00:00,29.65
"479",2017-12-22 16:00:00,32.72
"480",2017-12-22 17:00:00,33.93
"481",2017-12-22 18:00:00,42.62
"482",2017-12-22 19:00:00,50.2
"483",2017-12-22 20:00:00,45.86
"484",2017-12-22 21:00:00,57.09
"485",2017-12-22 22:00:00,54.22
"486",2017-12-22 23:00:00,39.89
"487",2017-12-23 00:00:00,33.74
"488",2017-12-23 01:00:00,29.58
"489",2017-12-23 02:00:00,23.58
"490",2017-12-23 03:00:00,18.91
"491",2017-12-23 04:00:00,15.18
"492",2017-12-23 05:00:00,15.38
"493",2017-12-23 06:00:00,14.46
"494",2017-12-23 07:00:00,15.15
"495",2017-12-23 08:00:00,18.93
"496",2017-12-23 09:00:00,18.56
"497",2017-12-23 10:00:00,27.28
"498",2017-12-23 11:00:00,NA
"499",2017-12-23 12:00:00,21.08
"500",2017-12-23 13:00:00,23.82
"501",2017-12-23 14:00:00,22.82
"502",2017-12-23 15:00:00,20.63
"503",2017-12-23 16:00:00,21.46
"504",2017-12-23 17:00:00,23.8
"505",2017-12-23 18:00:00,24.25
"506",2017-12-23 19:00:00,32.43
"507",2017-12-23 20:00:00,23.59
"508",2017-12-23 21:00:00,21.08
"509",2017-12-23 22:00:00,20.63
"510",2017-12-23 23:00:00,19
"511",2017-12-24 00:00:00,16.62
"512",2017-12-24 01:00:00,15.66
"513",2017-12-24 02:00:00,14.37
"514",2017-12-24 03:00:00,11.82
"515",2017-12-24 04:00:00,11.02
"516",2017-12-24 05:00:00,10.74
"517",2017-12-24 06:00:00,11.44
"518",2017-12-24 07:00:00,11.04
"519",2017-12-24 08:00:00,11.21
"520",2017-12-24 09:00:00,12.35
"521",2017-12-24 10:00:00,13.25
"522",2017-12-24 11:00:00,NA
"523",2017-12-24 12:00:00,9.5
"524",2017-12-24 13:00:00,10.16
"525",2017-12-24 14:00:00,9.52
"526",2017-12-24 15:00:00,8.93
"527",2017-12-24 16:00:00,9.72
"528",2017-12-24 17:00:00,11.43
"529",2017-12-24 18:00:00,12.8
"530",2017-12-24 19:00:00,14.74
"531",2017-12-24 20:00:00,14.18
"532",2017-12-24 21:00:00,11
"533",2017-12-24 22:00:00,9.48
"534",2017-12-24 23:00:00,6.91
"535",2017-12-25 00:00:00,8.58
"536",2017-12-25 01:00:00,11.02
"537",2017-12-25 02:00:00,18.02
"538",2017-12-25 03:00:00,16.98
"539",2017-12-25 04:00:00,34.78
"540",2017-12-25 05:00:00,40.63
"541",2017-12-25 06:00:00,37.99
"542",2017-12-25 07:00:00,35.32
"543",2017-12-25 08:00:00,39.16
"544",2017-12-25 09:00:00,42.9
"545",2017-12-25 10:00:00,42.34
"546",2017-12-25 11:00:00,NA
"547",2017-12-25 12:00:00,49.31
"548",2017-12-25 13:00:00,57.65
"549",2017-12-25 14:00:00,57.56
"550",2017-12-25 15:00:00,60.88
"551",2017-12-25 16:00:00,64.61
"552",2017-12-25 17:00:00,73.84
"553",2017-12-25 18:00:00,78.51
"554",2017-12-25 19:00:00,94.35
"555",2017-12-25 20:00:00,120.75
"556",2017-12-25 21:00:00,150.39
"557",2017-12-25 22:00:00,159.6
"558",2017-12-25 23:00:00,NA
"559",2017-12-26 00:00:00,112.04
"560",2017-12-26 01:00:00,106.04
"561",2017-12-26 02:00:00,102.83
"562",2017-12-26 03:00:00,110.15
"563",2017-12-26 04:00:00,134.58
"564",2017-12-26 05:00:00,119.25
"565",2017-12-26 06:00:00,94.34
"566",2017-12-26 07:00:00,113.67
"567",2017-12-26 08:00:00,103.25
"568",2017-12-26 09:00:00,98.31
"569",2017-12-26 10:00:00,102.47
"570",2017-12-26 11:00:00,NA
"571",2017-12-26 12:00:00,120.88
"572",2017-12-26 13:00:00,120.31
"573",2017-12-26 14:00:00,59.86
"574",2017-12-26 15:00:00,46.23
"575",2017-12-26 16:00:00,38.93
"576",2017-12-26 17:00:00,53.37
"577",2017-12-26 18:00:00,69.04
"578",2017-12-26 19:00:00,NA
"579",2017-12-26 20:00:00,NA
"580",2017-12-26 21:00:00,NA
"581",2017-12-26 22:00:00,NA
"582",2017-12-26 23:00:00,NA
"583",2017-12-27 00:00:00,NA
"584",2017-12-27 01:00:00,NA
"585",2017-12-27 02:00:00,NA
"586",2017-12-27 03:00:00,NA
"587",2017-12-27 04:00:00,NA
"588",2017-12-27 05:00:00,NA
"589",2017-12-27 06:00:00,NA
"590",2017-12-27 07:00:00,NA
"591",2017-12-27 08:00:00,NA
"592",2017-12-27 09:00:00,NA
"593",2017-12-27 10:00:00,154.43
"594",2017-12-27 11:00:00,NA
"595",2017-12-27 12:00:00,201.75
"596",2017-12-27 13:00:00,76.16
"597",2017-12-27 14:00:00,47.8
"598",2017-12-27 15:00:00,36.98
"599",2017-12-27 16:00:00,38.17
"600",2017-12-27 17:00:00,49.43
"601",2017-12-27 18:00:00,44.6
"602",2017-12-27 19:00:00,44.5
"603",2017-12-27 20:00:00,37.07
"604",2017-12-27 21:00:00,35.2
"605",2017-12-27 22:00:00,33.09
"606",2017-12-27 23:00:00,27.62
"607",2017-12-28 00:00:00,31.48
"608",2017-12-28 01:00:00,29.84
"609",2017-12-28 02:00:00,24.4
"610",2017-12-28 03:00:00,27.09
"611",2017-12-28 04:00:00,36.34
"612",2017-12-28 05:00:00,34.1
"613",2017-12-28 06:00:00,28.89
"614",2017-12-28 07:00:00,21.61
"615",2017-12-28 08:00:00,33.42
"616",2017-12-28 09:00:00,42.01
"617",2017-12-28 10:00:00,42.15
"618",2017-12-28 11:00:00,NA
"619",2017-12-28 12:00:00,27.61
"620",2017-12-28 13:00:00,49.28
"621",2017-12-28 14:00:00,42.31
"622",2017-12-28 15:00:00,38.33
"623",2017-12-28 16:00:00,40.92
"624",2017-12-28 17:00:00,25.92
"625",2017-12-28 18:00:00,30.07
"626",2017-12-28 19:00:00,36.82
"627",2017-12-28 20:00:00,67.58
"628",2017-12-28 21:00:00,77.12
"629",2017-12-28 22:00:00,48.72
"630",2017-12-28 23:00:00,21.91
"631",2017-12-29 00:00:00,6.85
"632",2017-12-29 01:00:00,NA
"633",2017-12-29 02:00:00,5.09
"634",2017-12-29 03:00:00,6.98
"635",2017-12-29 04:00:00,6.7
"636",2017-12-29 05:00:00,8.34
"637",2017-12-29 06:00:00,9.88
"638",2017-12-29 07:00:00,10.46
"639",2017-12-29 08:00:00,16.48
"640",2017-12-29 09:00:00,23.45
"641",2017-12-29 10:00:00,60.42
"642",2017-12-29 11:00:00,NA
"643",2017-12-29 12:00:00,46.11
"644",2017-12-29 13:00:00,38.51
"645",2017-12-29 14:00:00,18.6
"646",2017-12-29 15:00:00,26.74
"647",2017-12-29 16:00:00,27.08
"648",2017-12-29 17:00:00,20.1
"649",2017-12-29 18:00:00,25.19
"650",2017-12-29 19:00:00,15.19
"651",2017-12-29 20:00:00,15.85
"652",2017-12-29 21:00:00,18.91
"653",2017-12-29 22:00:00,18.17
"654",2017-12-29 23:00:00,16.78
"655",2017-12-30 00:00:00,18.8
"656",2017-12-30 01:00:00,17.87
"657",2017-12-30 02:00:00,16.52
"658",2017-12-30 03:00:00,17.87
"659",2017-12-30 04:00:00,18.95
"660",2017-12-30 05:00:00,18.96
"661",2017-12-30 06:00:00,19.29
"662",2017-12-30 07:00:00,16.29
"663",2017-12-30 08:00:00,18.11
"664",2017-12-30 09:00:00,20.6
"665",2017-12-30 10:00:00,19.56
"666",2017-12-30 11:00:00,NA
"667",2017-12-30 12:00:00,14.29
"668",2017-12-30 13:00:00,11.57
"669",2017-12-30 14:00:00,11.57
"670",2017-12-30 15:00:00,13.7
"671",2017-12-30 16:00:00,17.03
"672",2017-12-30 17:00:00,23.27
"673",2017-12-30 18:00:00,35.33
"674",2017-12-30 19:00:00,22.02
"675",2017-12-30 20:00:00,23.27
"676",2017-12-30 21:00:00,22.31
"677",2017-12-30 22:00:00,20.81
"678",2017-12-30 23:00:00,23.72
"679",2017-12-31 00:00:00,NA
"680",2017-12-31 01:00:00,NA
"681",2017-12-31 02:00:00,NA
"682",2017-12-31 03:00:00,NA
"683",2017-12-31 04:00:00,NA
"684",2017-12-31 05:00:00,NA
"685",2017-12-31 06:00:00,NA
"686",2017-12-31 07:00:00,NA
"687",2017-12-31 08:00:00,NA
"688",2017-12-31 09:00:00,NA
"689",2017-12-31 10:00:00,NA
"690",2017-12-31 11:00:00,NA
"691",2017-12-31 12:00:00,NA
"692",2017-12-31 13:00:00,NA
"693",2017-12-31 14:00:00,NA
"694",2017-12-31 15:00:00,NA
"695",2017-12-31 16:00:00,NA
"696",2017-12-31 17:00:00,NA
"697",2017-12-31 18:00:00,NA
"698",2017-12-31 19:00:00,NA
"699",2017-12-31 20:00:00,NA
"700",2017-12-31 21:00:00,NA
"701",2017-12-31 22:00:00,NA
"702",2017-12-31 23:00:00,NA
"703",2018-01-01 00:00:00,286.02
"704",2018-01-01 01:00:00,304.6
