"","date","PM","TASMAX","TASAVG","TASMIN","DPMAX","DPAVG","DPMIN","RHMAX","RHAVG","RHMIN","sfcWindMAX","sfcWindAVG","sfcWindMIN","PSLMAX","PSLAVG","PSLMIN","PRCPAVG"
"1",2017-12-02,46.1833333333333,5.556,4.4448,2.778,7.2228,5.0004,2.778,100,92.5,85,20.92142,10.46071,0,1017.271155,1012.699531,1008.127906,3.048
"2",2017-12-03,45.1525,8.334,5.556,2.778,7.2228,5.0004,2.778,100,90.5,81,19.31208,9.65604,0,1020.657544,1016.424558,1012.191572,3.048
"3",2017-12-04,20.6279166666667,0.5556,-1.1112,-2.2224,2.2224,-1.1112,-7.2228,100,84.5,69,27.35878,13.67939,0,1026.753044,1022.858697,1018.96435,1.016
"4",2017-12-05,14.0879166666667,2.2224,-1.1112,-5.0004,1.1112,-3.8892,-7.2228,93,80,67,27.35878,14.48406,1.60934,1030.81671,1027.430321,1024.043933,0
"5",2017-12-06,17.1060869565217,5.0004,1.6668,-1.6668,2.2224,-1.6668,-6.1116,93,65.5,38,24.1401,13.67939,3.21868,1030.81671,1028.446238,1026.075766,0
"6",2017-12-07,35.5958333333333,11.112,4.4448,-2.778,1.1112,-1.6668,-5.556,100,62.5,25,20.92142,10.46071,0,1029.800794,1027.430321,1025.059849,0
"7",2017-12-08,113.161666666667,10.0008,2.778,-4.4448,10.0008,3.3336,-7.2228,100,68,36,28.96812,14.48406,0,1028.446238,1022.350738,1016.255239,0
"8",2017-12-09,73.48625,15.0012,5.0004,-5.0004,1.1112,-2.2224,-6.1116,100,60,20,35.40548,17.70274,0,1019.302989,1011.175656,1003.048323,0
"9",2017-12-10,31.7845833333333,0.5556,-3.3336,-7.2228,1.1112,-4.4448,-8.8896,100,72.5,45,53.10822,26.55411,0,1022.0121,1012.530211,1003.048323,0.508
"10",2017-12-11,99.6939130434783,2.778,-3.3336,-8.8896,-2.2224,-5.556,-10.0008,100,79,58,11.26538,5.63269,0,1022.350738,1019.302989,1016.255239,0
"11",2017-12-12,42.955,10.5564,3.3336,-4.4448,3.8892,-1.6668,-7.2228,100,70,40,12.87472,7.24203,1.60934,1020.996183,1019.133669,1017.271155,0
"12",2017-12-13,74.9386956521739,10.0008,4.4448,-1.1112,6.1116,2.2224,-2.2224,100,78.5,57,11.26538,5.63269,0,1021.334822,1017.779114,1014.223406,0
"13",2017-12-14,38.1439130434783,13.89,7.2228,0.5556,7.7784,3.8892,-0.5556,100,69.5,39,20.92142,10.46071,0,1014.562045,1012.86885,1011.175656,0
"14",2017-12-15,52.9339130434783,8.8896,4.4448,-0.5556,5.0004,1.1112,-1.1112,100,73.5,47,19.31208,9.65604,0,1015.577961,1010.837017,1006.096073,0
"15",2017-12-16,14.435652173913,17.2236,11.112,5.0004,8.8896,3.8892,1.1112,100,63.5,27,41.84284,24.1401,6.43736,1009.482462,1005.757434,1002.032406,0.254
"16",2017-12-17,12.4791304347826,2.778,1.1112,0,5.0004,2.2224,-0.5556,100,93,86,24.1401,15.28873,6.43736,1016.932517,1013.03817,1009.143823,8.89
"17",2017-12-18,22.2104347826087,0.5556,0,-1.1112,-1.1112,-2.2224,-5.0004,93,80,67,28.96812,16.0934,3.21868,1022.350738,1019.302989,1016.255239,0.508
"18",2017-12-19,28.6378260869565,0,-1.1112,-3.3336,0,-3.3336,-6.1116,100,82,64,25.74944,16.0934,6.43736,1030.81671,1024.89053,1018.96435,0
"19",2017-12-20,21.7206666666667,-1.6668,-3.3336,-4.4448,-3.8892,-6.1116,-7.7784,86,74.5,63,20.92142,12.07005,3.21868,1033.525821,1030.81671,1028.107599,0
"20",2017-12-21,27.0030434782609,-0.5556,-2.2224,-4.4448,-4.4448,-7.2228,-8.8896,80,69.5,59,22.53076,11.26538,0,1034.541738,1031.832627,1029.123516,0
"21",2017-12-22,33.3240909090909,0,-4.4448,-9.4452,-2.2224,-6.1116,-10.0008,93,75.5,58,16.0934,8.0467,0,1033.86446,1028.446238,1023.028016,0
"22",2017-12-23,21.9713043478261,3.8892,0,-3.3336,0,-2.2224,-5.0004,100,75,50,27.35878,16.89807,6.43736,1026.075766,1024.043933,1022.0121,0
"23",2017-12-24,11.6473913043478,8.8896,4.4448,0,5.0004,1.6668,-2.778,93,77,61,38.62416,22.53076,6.43736,1025.398488,1022.689377,1019.980266,0
"24",2017-12-25,58.8713636363636,12.2232,5.0004,-2.2224,3.8892,0.5556,-2.778,100,71,42,11.26538,5.63269,0,1028.446238,1026.245085,1024.043933,0
"25",2017-12-26,94.7527777777778,7.7784,1.6668,-4.4448,2.778,-1.1112,-6.1116,100,77.5,55,8.0467,4.02335,0,1027.091683,1021.673461,1016.255239,0
"26",2017-12-27,63.6,10.5564,3.3336,-4.4448,3.8892,-0.5556,-3.8892,100,77,54,22.53076,11.26538,0,1018.96435,1013.03817,1007.111989,0
"27",2017-12-28,37.3008695652174,11.6676,6.6672,1.1112,6.1116,2.778,-0.5556,87,70,53,33.79614,16.89807,0,1009.482462,1004.233559,998.9846567,0.254
"28",2017-12-29,20.0854545454545,8.8896,4.4448,0.5556,7.7784,3.3336,-1.1112,100,82,64,27.35878,13.67939,0,1011.852934,1006.434712,1001.01649,3.048
"29",2017-12-30,19.2047826086957,5.556,2.2224,-1.1112,1.1112,-2.778,-5.0004,93,68.5,44,27.35878,16.89807,6.43736,1019.641628,1014.900683,1010.159739,0
"30",2017-12-31,127.250434782609,5.0004,-1.1112,-6.6672,-1.6668,-3.8892,-7.2228,100,69,38,9.65604,4.82802,0,1024.043933,1020.996183,1017.948433,0
"31",2018-01-01,235.296086956522,8.334,2.2224,-4.4448,2.2224,-1.6668,-6.1116,100,73,46,9.65604,4.82802,0,1021.673461,1016.424558,1011.175656,0
"32",2018-01-02,103.32,8.8896,3.8892,-1.1112,6.1116,1.6668,-1.6668,100,87,74,25.74944,12.87472,0,1012.86885,1009.482462,1006.096073,2.032
"33",2018-01-03,18.965652173913,5.556,2.778,-1.1112,2.2224,0,-2.778,93,71,49,27.35878,13.67939,0,1013.884767,1009.99042,1006.096073,0
"34",2018-01-04,34.0334782608696,5.0004,1.1112,-2.2224,2.778,1.1112,-2.2224,100,81.5,63,22.53076,11.26538,0,1012.86885,1008.974503,1005.080156,0.254
"35",2018-01-05,108.723043478261,5.556,0,-5.0004,2.2224,-1.6668,-5.0004,100,70.5,41,9.65604,4.82802,0,1018.287072,1014.223406,1010.159739,0
"36",2018-01-06,160.835652173913,10.0008,3.3336,-3.3336,5.0004,-0.5556,-3.8892,100,75,50,9.65604,4.82802,0,1023.028016,1020.149586,1017.271155,0
"37",2018-01-07,127.112608695652,10.5564,4.4448,-2.2224,5.0004,0,-6.6672,100,68,36,9.65604,4.82802,0,1030.478071,1025.737127,1020.996183,0
"38",2018-01-08,222.207916666667,5.556,2.2224,-1.1112,3.8892,0.5556,-3.8892,100,86.5,73,11.26538,5.63269,0,1033.525821,1031.324668,1029.123516,0
"39",2018-01-09,228.395,10.5564,4.4448,-1.6668,5.0004,1.6668,-2.778,100,81,62,40.2335,20.11675,0,1033.525821,1031.832627,1030.139432,0
"40",2018-01-10,13.3625,6.1116,3.8892,1.6668,5.0004,3.3336,0,100,84.5,69,27.35878,13.67939,0,1029.800794,1022.520058,1015.239322,0
"41",2018-01-11,49.6734782608696,7.7784,4.4448,0.5556,6.1116,3.3336,1.6668,100,85,70,11.26538,5.63269,0,1015.577961,1012.86885,1010.159739,0
"42",2018-01-12,25.4695652173913,7.7784,5.556,2.778,5.0004,3.3336,0.5556,100,80,60,16.0934,8.0467,0,1023.366655,1018.79503,1014.223406,0.254
"43",2018-01-13,11.2695652173913,1.1112,-0.5556,-2.2224,3.8892,0,-3.8892,100,87.5,75,22.53076,12.87472,3.21868,1027.76896,1024.89053,1022.0121,0.254
"44",2018-01-14,12.0221739130435,-1.1112,-2.2224,-3.3336,0,-3.3336,-5.0004,100,85.5,71,32.1868,17.70274,3.21868,1030.478071,1027.261002,1024.043933,0
"45",2018-01-15,20.9747368421053,0,-2.2224,-4.4448,-2.778,-4.4448,-6.1116,100,82,64,35.40548,17.70274,0,1030.81671,1025.906447,1020.996183,0.762
"46",2018-01-16,65.5539130434783,4.4448,0.5556,-3.3336,1.1112,-2.2224,-5.0004,100,80,60,27.35878,13.67939,0,1023.028016,1015.577961,1008.127906,0
"47",2018-01-17,13.4273913043478,13.3344,6.1116,-1.1112,3.8892,1.1112,-1.1112,100,73.5,47,38.62416,22.53076,6.43736,1008.805184,999.492615,990.1800461,6.096
"48",2018-01-18,10.414347826087,3.8892,1.1112,-3.3336,1.1112,-4.4448,-7.2228,99,69,39,49.88954,26.55411,3.21868,1016.932517,1006.604031,996.2755457,0
"49",2018-01-19,60.5509090909091,8.334,1.6668,-5.0004,1.6668,-5.0004,-7.7784,91,58.5,26,14.48406,8.0467,1.60934,1016.593878,1013.884767,1011.175656,0
"50",2018-01-20,82.5104347826087,4.4448,2.2224,-0.5556,2.2224,-0.5556,-4.4448,100,74,48,22.53076,11.26538,0,1014.562045,1011.852934,1009.143823,4.064
"51",2018-01-21,21.7234782608696,2.778,0,-2.778,2.2224,-1.1112,-3.8892,100,82,64,33.79614,16.89807,0,1014.562045,1008.297226,1002.032406,3.048
"52",2018-01-22,19.7934782608696,0.5556,-1.1112,-2.2224,0,-2.2224,-3.8892,100,87,74,25.74944,16.0934,6.43736,1017.948433,1010.498378,1003.048323,0
"53",2018-01-23,45.6966666666667,1.1112,-3.3336,-8.334,-1.6668,-4.4448,-8.8896,100,82.5,65,16.0934,8.0467,0,1029.462155,1022.350738,1015.239322,0
"54",2018-01-24,39.5247826086957,0.5556,-4.4448,-10.0008,-2.778,-5.556,-10.0008,100,79,58,14.48406,7.24203,0,1038.605404,1032.848543,1027.091683,0
"55",2018-01-25,123.110526315789,-1.1112,-7.7784,-14.4456,-3.8892,-8.8896,-15.0012,100,78,56,9.65604,4.82802,0,1037.928126,1032.001946,1026.075766,0
"56",2018-01-26,235.73652173913,1.6668,-4.4448,-11.112,-5.0004,-8.334,-12.7788,100,76,52,9.65604,4.82802,0,1032.171266,1028.615558,1025.059849,0
"57",2018-01-27,252.119565217391,3.3336,-4.4448,-12.2232,-2.2224,-6.6672,-12.7788,100,73.5,47,8.0467,4.02335,0,1035.219015,1031.663307,1028.107599,0
"58",2018-01-28,264.974347826087,5.556,-2.2224,-9.4452,-0.5556,-5.0004,-11.112,100,76.5,53,12.87472,6.43736,0,1037.589487,1034.372418,1031.155349,0
"59",2018-01-29,38.7018181818182,12.2232,3.8892,-4.4448,2.2224,-1.6668,-3.8892,100,63,26,24.1401,12.07005,0,1034.203099,1030.139432,1026.075766,0
"60",2018-01-30,34.7807142857143,12.7788,5.556,-2.2224,3.8892,0,-2.778,100,65,30,37.01482,18.50741,0,1028.446238,1025.737127,1023.028016,0
"61",2018-01-31,51.8465217391304,10.5564,4.4448,-2.2224,2.2224,-0.5556,-4.4448,100,67.5,35,14.48406,7.24203,0,1029.462155,1024.213252,1018.96435,0
"62",2018-02-01,60.5652173913043,10.5564,4.4448,-2.2224,3.8892,0,-3.8892,100,68.5,37,14.48406,7.24203,0,1020.996183,1017.101836,1013.207489,0
"63",2018-02-02,35.6404545454545,13.89,7.7784,1.6668,5.0004,2.778,0,93,61.5,30,20.92142,10.46071,0,1015.577961,1013.376809,1011.175656,0
"64",2018-02-03,16.5539130434783,17.7792,13.3344,8.334,7.2228,4.4448,2.2224,71,51,31,45.06152,24.1401,3.21868,1012.86885,1006.265392,999.6619344,0
"65",2018-02-04,11.6026086956522,8.8896,5.556,1.6668,7.7784,4.4448,-2.2224,100,73,46,28.96812,15.28873,1.60934,1018.625711,1010.498378,1002.371045,0.508
"66",2018-02-05,23.589,7.2228,3.3336,-1.1112,0,-3.3336,-10.0008,86,51,16,19.31208,9.65604,0,1024.382572,1021.165502,1017.948433,0
"67",2018-02-06,36.6933333333333,7.7784,2.2224,-2.778,2.2224,-1.1112,-5.556,100,71,42,28.96812,14.48406,0,1023.705294,1021.334822,1018.96435,0
"68",2018-02-07,28.9045454545455,5.556,2.778,0,3.8892,1.1112,-1.6668,100,79.5,59,37.01482,21.72609,6.43736,1023.366655,1018.287072,1013.207489,1.016
"69",2018-02-08,44.7273913043478,10.0008,5.556,1.6668,7.2228,3.8892,1.1112,100,85.5,71,22.53076,11.26538,0,1015.239322,1012.699531,1010.159739,0.508
"70",2018-02-09,31.3917391304348,10.0008,5.0004,-1.1112,5.0004,1.1112,-2.2224,100,73.5,47,25.74944,12.87472,0,1017.609794,1015.408642,1013.207489,0
"71",2018-02-10,51.8834782608696,6.6672,2.2224,-1.6668,3.8892,0.5556,-2.2224,100,83,66,20.92142,10.46071,0,1016.593878,1010.837017,1005.080156,3.048
"72",2018-02-11,11.8120833333333,1.1112,0,-1.1112,1.1112,-0.5556,-2.2224,100,89,78,14.48406,7.24203,0,1011.175656,1007.111989,1003.048323,0.254
"73",2018-02-12,31.4254166666667,5.0004,2.2224,-1.1112,2.2224,-0.5556,-3.8892,100,76.5,53,12.87472,6.43736,0,1014.562045,1011.344975,1008.127906,0
"74",2018-02-13,48.48375,3.8892,0,-3.3336,3.8892,0,-2.778,100,87.5,75,33.79614,16.89807,0,1016.255239,1011.175656,1006.096073,0.254
"75",2018-02-14,15.07375,3.8892,1.1112,-2.2224,6.1116,0,-3.8892,100,78.5,57,35.40548,17.70274,0,1016.593878,1009.8211,1003.048323,2.032
"76",2018-02-15,23.25,3.8892,0,-3.8892,-0.5556,-3.8892,-6.1116,100,78,56,19.31208,9.65604,0,1025.059849,1019.641628,1014.223406,0
"77",2018-02-16,51.9091666666667,8.8896,3.3336,-2.778,2.2224,-1.6668,-3.8892,100,74.5,49,12.87472,6.43736,0,1027.430321,1024.721211,1022.0121,0
"78",2018-02-17,69.21,9.4452,3.3336,-3.3336,2.778,0,-2.778,100,69.5,39,28.96812,14.48406,0,1028.784877,1024.89053,1020.996183,0
"79",2018-02-18,62.4333333333333,8.8896,4.4448,-0.5556,5.0004,2.2224,-1.1112,100,78,56,32.1868,16.0934,0,1023.366655,1020.318905,1017.271155,1.016
"80",2018-02-19,15.2225,3.8892,2.2224,0,5.0004,2.2224,0,100,92.5,85,27.35878,13.67939,0,1021.673461,1019.472308,1017.271155,3.048
"81",2018-02-20,10.4295833333333,5.556,2.778,0,2.778,1.1112,-1.6668,100,83.5,67,33.79614,20.11675,6.43736,1018.625711,1015.408642,1012.191572,0.254
"82",2018-02-21,11.3420833333333,5.556,2.778,0,5.0004,2.2224,-0.5556,100,86.5,73,35.40548,20.92142,6.43736,1014.223406,1012.191572,1010.159739,0
"83",2018-02-22,10.6454166666667,6.6672,4.4448,1.6668,5.0004,2.2224,0,100,78,56,27.35878,15.28873,3.21868,1015.9166,1013.03817,1010.159739,0
"84",2018-02-23,11.4245833333333,7.7784,4.4448,1.1112,3.8892,1.6668,-0.5556,100,82,64,33.79614,18.50741,3.21868,1016.255239,1014.731364,1013.207489,0
"85",2018-02-24,19.7775,5.0004,2.2224,0,2.2224,1.1112,-2.2224,100,82.5,65,25.74944,12.87472,0,1015.577961,1011.852934,1008.127906,0.508
"86",2018-02-25,25.51125,-1.1112,-3.3336,-5.0004,-2.2224,-4.4448,-7.2228,100,84.5,69,27.35878,15.28873,3.21868,1016.932517,1014.054086,1011.175656,3.048
"87",2018-02-26,17.3466666666667,-6.1116,-8.8896,-11.112,-3.8892,-8.334,-12.2232,100,90,80,24.1401,13.67939,3.21868,1015.577961,1010.329059,1005.080156,4.064
"88",2018-02-27,34.5545833333333,0,-5.556,-10.5564,-3.3336,-8.334,-12.2232,100,80,60,38.62416,19.31208,0,1009.8211,1006.434712,1003.048323,0.254
"89",2018-02-28,33.3833333333333,-3.8892,-6.6672,-11.112,-6.1116,-10.5564,-15.0012,100,77,54,40.2335,21.72609,3.21868,1025.737127,1014.900683,1004.06424,0
"90",2018-03-01,60.0870833333333,10.5564,4.4448,-2.2224,3.8892,0,-3.8892,100,68.5,37,14.48406,7.24203,0,1020.996183,1017.101836,1013.207489,0
"91",2018-03-02,69.6420833333333,13.89,7.7784,1.6668,5.0004,2.778,0,93,61.5,30,20.92142,10.46071,0,1015.577961,1013.376809,1011.175656,0
"92",2018-03-03,16.43375,17.7792,13.3344,8.334,7.2228,4.4448,2.2224,71,51,31,45.06152,24.1401,3.21868,1012.86885,1006.265392,999.6619344,0
"93",2018-03-04,23.6641666666667,8.8896,5.556,1.6668,7.7784,4.4448,-2.2224,100,73,46,28.96812,15.28873,1.60934,1018.625711,1010.498378,1002.371045,0.508
"94",2018-03-05,20.5041666666667,7.2228,3.3336,-1.1112,0,-3.3336,-10.0008,86,51,16,19.31208,9.65604,0,1024.382572,1021.165502,1017.948433,0
"95",2018-03-06,22.7441666666667,7.7784,2.2224,-2.778,2.2224,-1.1112,-5.556,100,71,42,28.96812,14.48406,0,1023.705294,1021.334822,1018.96435,0
"96",2018-03-07,19.3329166666667,5.556,2.778,0,3.8892,1.1112,-1.6668,100,79.5,59,37.01482,21.72609,6.43736,1023.366655,1018.287072,1013.207489,1.016
"97",2018-03-08,36.2729166666667,10.0008,5.556,1.6668,7.2228,3.8892,1.1112,100,85.5,71,22.53076,11.26538,0,1015.239322,1012.699531,1010.159739,0.508
"98",2018-03-09,16.0595833333333,10.0008,5.0004,-1.1112,5.0004,1.1112,-2.2224,100,73.5,47,25.74944,12.87472,0,1017.609794,1015.408642,1013.207489,0
"99",2018-03-10,64.74,6.6672,2.2224,-1.6668,3.8892,0.5556,-2.2224,100,83,66,20.92142,10.46071,0,1016.593878,1010.837017,1005.080156,3.048
"100",2018-03-11,56.6975,1.1112,0,-1.1112,1.1112,-0.5556,-2.2224,100,89,78,14.48406,7.24203,0,1011.175656,1007.111989,1003.048323,0.254
"101",2018-03-12,46.30125,5.0004,2.2224,-1.1112,2.2224,-0.5556,-3.8892,100,76.5,53,12.87472,6.43736,0,1014.562045,1011.344975,1008.127906,0
"102",2018-03-13,12.4675,3.8892,0,-3.3336,3.8892,0,-2.778,100,87.5,75,33.79614,16.89807,0,1016.255239,1011.175656,1006.096073,0.254
"103",2018-03-14,14.02,3.8892,1.1112,-2.2224,6.1116,0,-3.8892,100,78.5,57,35.40548,17.70274,0,1016.593878,1009.8211,1003.048323,2.032
"104",2018-03-15,21.7929166666667,3.8892,0,-3.8892,-0.5556,-3.8892,-6.1116,100,78,56,19.31208,9.65604,0,1025.059849,1019.641628,1014.223406,0
"105",2018-03-16,46.6891666666667,8.8896,3.3336,-2.778,2.2224,-1.6668,-3.8892,100,74.5,49,12.87472,6.43736,0,1027.430321,1024.721211,1022.0121,0
"106",2018-03-17,25.8908333333333,9.4452,3.3336,-3.3336,2.778,0,-2.778,100,69.5,39,28.96812,14.48406,0,1028.784877,1024.89053,1020.996183,0
"107",2018-03-18,91.8291666666667,8.8896,4.4448,-0.5556,5.0004,2.2224,-1.1112,100,78,56,32.1868,16.0934,0,1023.366655,1020.318905,1017.271155,1.016
"108",2018-03-19,12.3004166666667,3.8892,2.2224,0,5.0004,2.2224,0,100,92.5,85,27.35878,13.67939,0,1021.673461,1019.472308,1017.271155,3.048
"109",2018-03-20,18.40625,5.556,2.778,0,2.778,1.1112,-1.6668,100,83.5,67,33.79614,20.11675,6.43736,1018.625711,1015.408642,1012.191572,0.254
"110",2018-03-21,36.4291666666667,5.556,2.778,0,5.0004,2.2224,-0.5556,100,86.5,73,35.40548,20.92142,6.43736,1014.223406,1012.191572,1010.159739,0
"111",2018-03-22,17.3833333333333,6.6672,4.4448,1.6668,5.0004,2.2224,0,100,78,56,27.35878,15.28873,3.21868,1015.9166,1013.03817,1010.159739,0
"112",2018-03-23,13.8545833333333,7.7784,4.4448,1.1112,3.8892,1.6668,-0.5556,100,82,64,33.79614,18.50741,3.21868,1016.255239,1014.731364,1013.207489,0
"113",2018-03-24,18.7483333333333,5.0004,2.2224,0,2.2224,1.1112,-2.2224,100,82.5,65,25.74944,12.87472,0,1015.577961,1011.852934,1008.127906,0.508
"114",2018-03-25,16.9291304347826,-1.1112,-3.3336,-5.0004,-2.2224,-4.4448,-7.2228,100,84.5,69,27.35878,15.28873,3.21868,1016.932517,1014.054086,1011.175656,3.048
"115",2018-03-26,14.0520833333333,-6.1116,-8.8896,-11.112,-3.8892,-8.334,-12.2232,100,90,80,24.1401,13.67939,3.21868,1015.577961,1010.329059,1005.080156,4.064
"116",2018-03-27,27.38125,0,-5.556,-10.5564,-3.3336,-8.334,-12.2232,100,80,60,38.62416,19.31208,0,1009.8211,1006.434712,1003.048323,0.254
"117",2018-03-28,25.6833333333333,-3.8892,-6.6672,-11.112,-6.1116,-10.5564,-15.0012,100,77,54,40.2335,21.72609,3.21868,1025.737127,1014.900683,1004.06424,0
"118",2018-03-29,42.0958333333333,0.9723,-2.2224,-6.8061,-2.3613,-6.945,-11.6676,98.5,71.5,44.5,39.831165,21.9272575,4.02335,1021.33482175,1011.89526325,1002.4557053,1.27
"119",2018-03-30,37.0366666666667,5.8338,2.2224,-2.5002,1.389,-3.3336,-8.334,97,66,35,39.42883,22.128425,4.82802,1016.9325165,1008.8898435,1000.8471706,2.54
"120",2018-03-31,32.1741666666667,10.6953,6.6672,1.8057,5.1393,0.277800000000001,-5.0004,95.5,60.5,25.5,39.026495,22.3295925,5.63269,1012.53021125,1005.88442375,999.2386359,3.81
"121",2018-04-01,10.0079166666667,15.5568,11.112,6.1116,8.8896,3.8892,-1.6668,94,55,16,38.62416,22.53076,6.43736,1008.127906,1002.879004,997.6301012,5.08
"122",2018-04-02,9.86875,13.89,7.7784,1.1112,6.1116,2.2224,-1.1112,100,63.5,27,27.35878,14.48406,1.60934,1018.96435,1013.546128,1008.127906,0
"123",2018-04-03,30.5279166666667,20.5572,10.0008,0,6.1116,1.6668,-1.6668,100,61.5,23,25.74944,12.87472,0,1023.705294,1020.488225,1017.271155,0
"124",2018-04-04,35.0566666666667,23.8908,13.3344,3.3336,7.2228,4.4448,1.6668,100,60.5,21,24.1401,12.07005,0,1022.350738,1017.609794,1012.86885,0
"125",2018-04-05,56.8008333333333,22.7796,15.5568,8.334,12.7788,7.7784,1.1112,94,62.5,31,24.1401,12.07005,0,1017.271155,1012.86885,1008.466545,0.254
"126",2018-04-06,17.8391666666667,13.89,11.112,8.334,13.89,11.6676,7.7784,100,86,72,25.74944,14.48406,3.21868,1017.948433,1014.223406,1010.498378,7.112
"127",2018-04-07,11.3195833333333,17.7792,12.2232,7.2228,11.112,8.334,5.0004,100,74.5,49,22.53076,11.26538,0,1023.028016,1020.488225,1017.948433,0
"128",2018-04-08,23.2616666666667,21.1128,13.3344,5.0004,8.8896,6.1116,3.3336,100,62,24,22.53076,11.26538,0,1023.366655,1019.980266,1016.593878,0
"129",2018-04-09,20.0741666666667,23.8908,14.4456,5.556,7.7784,4.4448,0.5556,81,47.5,14,25.74944,13.67939,1.60934,1020.996183,1016.255239,1011.514295,0
"130",2018-04-10,29.46375,23.3352,14.4456,6.1116,8.8896,5.0004,2.2224,76,48,20,24.1401,12.87472,1.60934,1015.577961,1012.360892,1009.143823,0
"131",2018-04-11,42.4875,23.8908,16.668,10.0008,10.0008,7.7784,4.4448,94,58,22,22.53076,11.26538,0,1012.191572,1009.313142,1006.434712,0
"132",2018-04-12,44.7595833333333,25.5576,15.5568,5.556,12.2232,8.334,5.0004,100,59.5,19,22.53076,11.26538,0,1013.207489,1010.159739,1007.111989,0
"133",2018-04-13,44.2645833333333,25.5576,17.7792,10.0008,12.2232,10.0008,7.7784,100,65.5,31,25.74944,12.87472,0,1017.948433,1014.562045,1011.175656,0
"134",2018-04-14,49.1333333333333,26.6688,17.7792,8.334,13.89,10.5564,5.0004,100,64,28,19.31208,9.65604,0,1022.0121,1019.302989,1016.593878,0.254
"135",2018-04-15,29.6795833333333,20.5572,15.5568,10.5564,13.89,8.8896,3.8892,88,58,28,35.40548,19.31208,3.21868,1023.028016,1021.165502,1019.302989,0
"136",2018-04-16,28.1016666666667,14.4456,12.2232,10.0008,11.112,3.8892,-1.1112,87,56,25,25.74944,12.87472,0,1020.996183,1019.133669,1017.271155,1.016
"137",2018-04-17,33.36,20.0016,13.89,7.7784,12.2232,8.8896,6.1116,93,68.5,44,19.31208,9.65604,0,1020.996183,1018.456392,1015.9166,0.762
"138",2018-04-18,25.79375,20.0016,12.7788,5.556,10.0008,8.334,5.556,100,68.5,37,20.92142,10.46071,0,1026.075766,1023.028016,1019.980266,0
"139",2018-04-19,28.28875,22.224,14.4456,6.6672,11.112,8.8896,7.2228,100,68,36,24.1401,12.07005,0,1026.075766,1022.520058,1018.96435,0
"140",2018-04-20,18.6741666666667,18.3348,14.4456,8.8896,8.8896,6.1116,2.778,76,51.5,27,24.1401,12.07005,0,1023.028016,1020.318905,1017.609794,0
"141",2018-04-21,23.775,20.5572,12.2232,3.3336,6.6672,4.4448,2.2224,93,58.5,24,11.26538,5.63269,0,1024.043933,1020.826864,1017.609794,0
"142",2018-04-22,24.76625,25.5576,14.4456,3.8892,7.7784,5.0004,2.778,87,54.5,22,19.31208,9.65604,0,1020.318905,1016.593878,1012.86885,0
"143",2018-04-23,27.7975,26.6688,16.668,6.1116,10.0008,5.556,2.2224,87,53.5,20,16.0934,8.0467,0,1017.271155,1014.223406,1011.175656,0
"144",2018-04-24,33.88875,27.78,17.7792,7.2228,12.2232,6.6672,2.778,87,51.5,16,19.31208,9.65604,0,1018.625711,1014.900683,1011.175656,6.096
"145",2018-04-25,27.8904166666667,25.5576,16.668,8.334,12.7788,10.0008,6.1116,94,59,24,19.31208,9.65604,0,1018.96435,1015.9166,1012.86885,0
"146",2018-04-26,32.6958333333333,27.78,18.3348,8.8896,12.7788,9.4452,5.0004,94,58,22,25.74944,12.87472,0,1016.255239,1012.530211,1008.805184,0
"147",2018-04-27,32.2570833333333,25.002,17.2236,9.4452,12.2232,10.0008,7.7784,88,60,32,20.92142,10.46071,0,1017.948433,1015.239322,1012.530211,0
"148",2018-04-28,35.2245833333333,24.4464,19.446,14.4456,12.7788,12.2232,11.112,82,63,44,32.1868,17.70274,3.21868,1020.996183,1018.625711,1016.255239,0
"149",2018-04-29,25.27625,23.8908,17.7792,11.112,12.7788,10.5564,8.8896,94,67.5,41,28.96812,14.48406,0,1019.980266,1016.932517,1013.884767,0
"150",2018-04-30,24.0541666666667,25.002,16.668,8.8896,12.2232,8.334,6.1116,72,53,34,25.74944,12.87472,0,1017.271155,1013.884767,1010.498378,0
"151",2018-05-01,39.0241666666667,27.78,18.8904,10.0008,13.89,10.5564,7.7784,88,57.5,27,20.92142,10.46071,0,1016.255239,1013.376809,1010.498378,0
"152",2018-05-02,25.7825,27.78,18.3348,8.8896,11.112,7.7784,2.2224,83,51.5,20,27.35878,13.67939,0,1015.239322,1012.191572,1009.143823,0
"153",2018-05-03,40.2608333333333,25.002,16.668,8.334,12.7788,10.0008,5.556,88,59.5,31,27.35878,13.67939,0,1013.207489,1010.159739,1007.111989,0
"154",2018-05-04,29.4520833333333,26.6688,20.0016,13.89,13.89,11.6676,8.8896,82,57.5,33,32.1868,16.0934,0,1014.223406,1011.852934,1009.482462,0.762
"155",2018-05-05,26.5670833333333,26.6688,20.0016,12.7788,12.2232,10.5564,8.8896,82,56,30,22.53076,11.26538,0,1014.223406,1011.344975,1008.466545,5.08
"156",2018-05-06,23.01625,25.002,17.7792,11.112,13.89,11.6676,10.0008,94,62,30,38.62416,19.31208,0,1014.223406,1011.175656,1008.127906,3.048
"157",2018-05-07,23.2829166666667,20.5572,16.668,12.2232,13.89,12.2232,10.0008,100,73.5,47,20.92142,11.26538,1.60934,1015.239322,1012.360892,1009.482462,0
"158",2018-05-08,18.7508333333333,23.8908,16.668,10.0008,12.2232,9.4452,7.2228,94,60.5,27,19.31208,9.65604,0,1011.175656,1007.789267,1004.402879,0
"159",2018-05-09,18.7266666666667,25.002,15.5568,6.6672,9.4452,6.1116,-1.1112,93,54,15,19.31208,9.65604,0,1009.143823,1005.588115,1002.032406,0
"160",2018-05-10,26.5254166666667,19.446,14.4456,8.8896,12.2232,10.0008,7.7784,83,68,53,25.74944,12.87472,0,1012.191572,1008.974503,1005.757434,0
"161",2018-05-11,19.6958333333333,20.5572,16.1124,11.6676,12.2232,10.5564,7.7784,88,64,40,22.53076,11.26538,0,1017.271155,1014.562045,1011.852934,1.016
"162",2018-05-12,21.46125,21.6684,14.4456,7.2228,12.7788,10.0008,7.2228,94,66,38,24.1401,12.07005,0,1018.287072,1014.900683,1011.514295,0.508
"163",2018-05-13,16.8445833333333,21.1128,15.5568,10.5564,12.7788,11.6676,7.7784,100,66,32,20.92142,10.46071,0,1015.577961,1012.530211,1009.482462,2.032
"164",2018-05-14,22.6591666666667,21.1128,15.5568,10.0008,13.89,12.2232,11.112,94,75.5,57,24.1401,12.07005,0,1014.223406,1012.530211,1010.837017,0
"165",2018-05-15,24.5608333333333,26.6688,19.446,12.2232,13.89,12.2232,7.7784,92,62,32,28.96812,14.48406,0,1015.239322,1012.86885,1010.498378,2.032
"166",2018-05-16,12.83,25.002,18.8904,12.2232,13.3344,8.8896,2.2224,94,57.5,21,25.74944,12.87472,0,1015.239322,1013.03817,1010.837017,0
"167",2018-05-17,15.9316666666667,23.8908,16.668,8.8896,12.2232,9.4452,5.0004,94,59.5,25,20.92142,10.46071,0,1016.255239,1014.392725,1012.530211,0
"168",2018-05-18,27.6734782608696,23.8908,16.668,9.4452,12.7788,10.0008,7.2228,94,64.5,35,11.26538,5.63269,0,1017.271155,1014.392725,1011.514295,0
"169",2018-05-19,15.1004166666667,20.5572,16.668,12.2232,13.89,11.6676,8.8896,88,66,44,20.92142,10.46071,0,1016.255239,1014.223406,1012.191572,5.08
"170",2018-05-20,23.1033333333333,22.7796,15.0012,7.2228,12.2232,10.5564,7.7784,100,67.5,35,19.31208,9.65604,0,1018.96435,1016.424558,1013.884767,0
"171",2018-05-21,21.40875,20.5572,16.668,12.7788,14.4456,12.2232,10.0008,88,70.5,53,27.35878,13.67939,0,1018.96435,1017.271155,1015.577961,0
"172",2018-05-22,16.2104166666667,23.8908,18.3348,12.7788,13.89,11.6676,10.0008,88,64.5,41,28.96812,14.48406,0,1019.980266,1017.948433,1015.9166,0
"173",2018-05-23,23.2920833333333,25.5576,17.7792,10.5564,13.3344,11.6676,10.0008,94,64,34,28.96812,14.48406,0,1021.334822,1018.456392,1015.577961,0
"174",2018-05-24,25.3495833333333,21.1128,17.7792,13.89,15.0012,12.7788,10.5564,94,71.5,49,16.0934,8.0467,0,1017.948433,1016.085919,1014.223406,2.032
"175",2018-05-25,22.5741666666667,24.4464,16.668,8.334,13.3344,11.6676,8.8896,100,65,30,40.2335,20.11675,0,1018.96435,1016.424558,1013.884767,0
"176",2018-05-26,18.2183333333333,25.002,17.7792,10.0008,13.89,12.2232,10.0008,100,64.5,29,25.74944,12.87472,0,1022.0121,1019.302989,1016.593878,0
"177",2018-05-27,19.4541666666667,23.8908,18.8904,13.3344,13.89,12.2232,11.112,82,60.5,39,24.1401,12.07005,0,1022.0121,1019.810947,1017.609794,0
"178",2018-05-28,25.1045833333333,25.002,17.7792,11.112,13.3344,11.112,10.0008,88,61,34,22.53076,11.26538,0,1022.0121,1019.980266,1017.948433,0
"179",2018-05-29,22.7333333333333,25.002,16.668,8.334,11.112,8.334,5.0004,94,57.5,21,22.53076,11.26538,0,1022.0121,1019.133669,1016.255239,0
"180",2018-05-30,26.72,26.1132,17.7792,10.0008,10.0008,8.334,5.0004,88,55.5,23,22.53076,11.26538,0,1019.980266,1017.271155,1014.562045,0
"181",2018-05-31,19.8054166666667,26.6688,17.2236,7.7784,10.0008,7.7784,2.2224,94,57,20,22.53076,11.26538,0,1018.96435,1015.747281,1012.530211,0
"182",2018-06-01,25.4533333333333,28.8912,19.446,10.0008,12.2232,9.4452,5.556,88,52,16,19.31208,9.65604,0,1018.96435,1016.255239,1013.546128,0
"183",2018-06-02,28.0266666666667,28.8912,22.224,15.0012,16.1124,11.6676,7.2228,88,55.5,23,25.74944,12.87472,0,1019.980266,1017.101836,1014.223406,0
"184",2018-06-03,29.9304166666667,26.6688,18.8904,11.112,15.0012,13.3344,10.0008,100,65,30,22.53076,11.26538,0,1017.948433,1015.408642,1012.86885,0.508
"185",2018-06-04,19.8920833333333,27.2244,20.0016,12.2232,15.0012,12.7788,10.5564,94,63.5,33,20.92142,10.46071,0,1015.239322,1011.175656,1007.111989,0.508
"186",2018-06-05,23.2925,27.2244,20.0016,12.2232,16.1124,12.7788,9.4452,100,61.5,23,24.1401,12.07005,0,1011.175656,1008.297226,1005.418795,0
"187",2018-06-06,32.17625,27.2244,20.0016,12.7788,16.1124,13.3344,11.112,100,66,32,32.1868,16.0934,0,1017.948433,1013.715447,1009.482462,5.08
"188",2018-06-07,29.955,27.78,20.0016,12.2232,16.1124,13.89,12.2232,100,69.5,39,32.1868,16.0934,0,1019.980266,1017.948433,1015.9166,0
"189",2018-06-08,26.9921739130435,30.0024,22.224,14.4456,17.2236,15.0012,12.7788,94,66.5,39,27.35878,13.67939,0,1020.996183,1016.593878,1012.191572,0
"190",2018-06-09,37.9879166666667,26.6688,22.224,17.7792,18.8904,16.1124,13.89,88,66,44,22.53076,12.87472,3.21868,1016.255239,1011.344975,1006.434712,5.08
"191",2018-06-10,21.5870833333333,25.5576,20.5572,15.5568,17.2236,15.5568,12.7788,100,72,44,27.35878,13.67939,0,1013.207489,1010.329059,1007.450628,4.064
"192",2018-06-11,20.32625,28.8912,21.6684,14.4456,16.1124,13.89,11.112,94,62,30,27.35878,13.67939,0,1014.223406,1011.006336,1007.789267,0
"193",2018-06-12,36.2325,30.558,22.224,13.89,17.7792,14.4456,12.2232,83,57.5,32,16.0934,8.0467,0,1013.207489,1009.143823,1005.080156,0
"194",2018-06-13,42.4895833333333,28.8912,22.7796,16.668,17.7792,15.5568,12.2232,88,65,42,35.40548,17.70274,0,1009.143823,1005.249476,1001.355129,7.112
"195",2018-06-14,19.4995833333333,23.8908,19.446,15.0012,17.2236,15.0012,12.2232,94,70.5,47,24.1401,12.07005,0,1008.127906,1006.265392,1004.402879,0
"196",2018-06-15,20.0329166666667,24.4464,18.8904,13.3344,16.1124,13.89,11.6676,94,68.5,43,32.1868,16.0934,0,1009.143823,1006.604031,1004.06424,6.096
"197",2018-06-16,17.37875,23.3352,18.8904,14.4456,16.668,14.4456,12.7788,94,75.5,57,33.79614,16.89807,0,1012.191572,1009.651781,1007.111989,23.114
"198",2018-06-17,17.0754166666667,25.002,17.7792,11.112,17.2236,14.4456,11.112,100,72,44,19.31208,9.65604,0,1013.207489,1010.837017,1008.466545,4.064
"199",2018-06-18,18.1525,25.002,18.8904,12.2232,17.2236,15.0012,12.7788,100,75,50,16.0934,8.0467,0,1016.255239,1013.03817,1009.8211,23.114
"200",2018-06-19,18.8379166666667,25.5576,20.0016,13.89,16.1124,15.0012,12.7788,100,69.5,39,20.92142,10.46071,0,1018.96435,1016.763197,1014.562045,0
"201",2018-06-20,24.8004166666667,27.78,20.0016,12.2232,16.1124,13.89,12.2232,100,66,32,22.53076,11.26538,0,1022.0121,1019.302989,1016.593878,0
"202",2018-06-21,33.5458333333333,27.2244,20.0016,13.3344,17.2236,15.5568,12.7788,94,70.5,47,25.74944,12.87472,0,1020.996183,1016.932517,1012.86885,2.032
"203",2018-06-22,30.98375,27.78,20.0016,12.7788,16.1124,14.4456,12.2232,100,70,40,27.35878,13.67939,0,1016.255239,1012.530211,1008.805184,3.048
"204",2018-06-23,7.68083333333333,18.8904,14.4456,9.4452,14.4456,7.7784,5.0004,88,60,32,37.01482,21.72609,6.43736,1019.302989,1015.9166,1012.530211,1.016
"205",2018-06-24,9.42416666666667,20.5572,14.4456,7.7784,8.8896,6.1116,3.8892,87,57,27,14.48406,7.24203,0,1019.302989,1016.763197,1014.223406,0
"206",2018-06-25,19.3141666666667,22.224,16.668,10.5564,12.2232,10.0008,7.2228,88,61,34,25.74944,12.87472,0,1017.948433,1015.9166,1013.884767,0
"207",2018-06-26,19.4779166666667,18.8904,15.5568,12.7788,15.0012,12.2232,7.7784,94,71.5,49,25.74944,12.87472,0,1017.271155,1015.070003,1012.86885,4.064
"208",2018-06-27,10.9466666666667,15.5568,13.89,12.2232,13.89,12.7788,11.6676,94,85.5,77,14.48406,7.24203,0,1013.207489,1010.159739,1007.111989,2.032
"209",2018-06-28,9.97625,17.2236,15.5568,13.3344,15.0012,14.4456,12.7788,100,93,86,14.48406,7.24203,0,1007.789267,1005.926753,1004.06424,12.954
"210",2018-06-29,9.29458333333333,15.5568,15.5568,15.0012,14.4456,13.89,13.89,96,92,88,14.48406,7.24203,0,1006.096073,1005.418795,1004.741517,0
"211",2018-06-30,11.6429166666667,19.7238,17.5014,15.0012,14.7234,12.2232,10.2786,92,76.75,61.5,20.92142,11.26538,1.60934,1011.683614,1010.3290585,1008.974503,2.54
"212",2018-07-01,13.8483333333333,23.8908,19.446,15.0012,15.0012,10.5564,6.6672,88,61.5,35,27.35878,15.28873,3.21868,1017.271155,1015.239322,1013.207489,5.08
"213",2018-07-02,22.9075,26.6688,20.0016,12.7788,18.8904,15.0012,12.7788,100,75.5,51,14.48406,7.24203,0,1018.96435,1016.255239,1013.546128,0.508
"214",2018-07-03,30.6570833333333,30.0024,22.7796,15.5568,18.8904,17.2236,16.1124,97,67,37,22.53076,11.26538,0,1017.948433,1014.731364,1011.514295,0
"215",2018-07-04,41.0041666666667,28.8912,22.7796,16.668,21.1128,18.3348,16.1124,100,75.5,51,46.67086,23.33543,0,1017.948433,1014.223406,1010.498378,27.94
"216",2018-07-05,22.1920833333333,26.6688,20.0016,13.89,17.7792,15.5568,12.7788,100,65.5,31,27.35878,13.67939,0,1017.271155,1014.223406,1011.175656,0
"217",2018-07-06,28.6891666666667,28.8912,20.5572,12.2232,17.7792,15.0012,12.2232,100,69.5,39,19.31208,9.65604,0,1015.239322,1012.530211,1009.8211,0
"218",2018-07-07,27.3179166666667,23.3352,18.8904,15.0012,17.7792,16.668,15.5568,94,76.5,59,22.53076,11.26538,0,1014.223406,1012.191572,1010.159739,17.018
"219",2018-07-08,17.21125,21.1128,18.8904,16.1124,17.2236,16.1124,14.4456,94,81,68,24.1401,12.07005,0,1014.223406,1012.360892,1010.498378,21.082
"220",2018-07-09,14.65375,21.6684,18.3348,15.0012,15.0012,13.89,12.7788,94,74,54,24.1401,12.07005,0,1014.223406,1012.530211,1010.837017,40.894
"221",2018-07-10,16.4108333333333,21.6684,17.7792,13.3344,15.0012,13.89,12.7788,100,76,52,27.35878,13.67939,0,1015.239322,1013.207489,1011.175656,0
"222",2018-07-11,22.73125,27.2244,18.8904,11.112,17.7792,13.89,11.112,94,62.5,31,9.65604,4.82802,0,1016.255239,1013.715447,1011.175656,0
"223",2018-07-12,18.7875,30.0024,21.1128,12.2232,17.2236,15.5568,12.2232,94,66.5,39,19.31208,9.65604,0,1017.271155,1014.900683,1012.530211,0
"224",2018-07-13,29.7583333333333,27.78,21.1128,13.89,17.7792,16.1124,12.7788,94,65,36,22.53076,11.26538,0,1017.271155,1014.900683,1012.530211,0
"225",2018-07-14,16.3029166666667,25.5576,21.1128,16.668,17.2236,14.4456,12.2232,88,64,40,24.1401,12.87472,1.60934,1017.948433,1015.577961,1013.207489,0
"226",2018-07-15,16.9125,26.1132,18.8904,12.2232,17.2236,13.89,12.2232,94,64,34,16.0934,8.0467,0,1017.271155,1014.392725,1011.514295,0
"227",2018-07-16,19.0608333333333,26.6688,21.1128,15.0012,16.1124,13.3344,10.0008,88,57,26,20.92142,10.46071,0,1015.239322,1012.360892,1009.482462,0
"228",2018-07-17,24.9258333333333,24.4464,20.0016,15.5568,18.8904,15.5568,12.7788,88,70,52,22.53076,11.26538,0,1012.191572,1008.805184,1005.418795,12.954
"229",2018-07-18,19.4004166666667,23.3352,20.0016,16.668,15.0012,13.89,11.6676,88,64.5,41,35.40548,19.31208,3.21868,1011.175656,1009.313142,1007.450628,0
"230",2018-07-19,14.76625,20.0016,18.3348,16.668,16.1124,14.4456,10.0008,88,66.5,45,27.35878,16.89807,6.43736,1013.207489,1010.498378,1007.789267,0
"231",2018-07-20,17.3157142857143,25.5576,21.1128,17.2236,17.2236,15.5568,13.89,88,64,40,28.96812,14.48406,0,1015.239322,1012.699531,1010.159739,0
"232",2018-07-21,20.43375,28.3356,21.1128,14.4456,16.1124,13.3344,11.112,94,59.5,25,20.92142,10.46071,0,1016.255239,1013.546128,1010.837017,0
"233",2018-07-22,30.8747826086957,30.0024,22.224,13.89,18.8904,15.5568,11.6676,94,65.5,37,16.0934,8.0467,0,1015.239322,1010.329059,1005.418795,1.016
"234",2018-07-23,24.1945833333333,26.1132,20.5572,15.0012,17.7792,15.5568,12.7788,100,72,44,19.31208,9.65604,0,1011.175656,1007.789267,1004.402879,2.032
"235",2018-07-24,20.9066666666667,25.002,20.0016,15.5568,17.7792,16.1124,15.0012,94,72.5,51,24.1401,12.87472,1.60934,1008.127906,1006.265392,1004.402879,9.906
"236",2018-07-25,17.9425,24.4464,21.1128,17.2236,20.0016,17.7792,16.668,94,76.5,59,22.53076,11.26538,0,1010.159739,1007.789267,1005.418795,2.032
"237",2018-07-26,14.5683333333333,26.1132,21.1128,15.5568,18.8904,17.2236,15.5568,100,72,44,22.53076,11.26538,0,1013.207489,1010.159739,1007.111989,0.254
"238",2018-07-27,18.6472727272727,27.2244,21.1128,15.0012,18.8904,16.668,15.0012,100,72.5,45,19.31208,9.65604,0,1014.223406,1011.344975,1008.466545,0
"239",2018-07-28,18.95375,27.78,21.6684,15.5568,19.446,17.2236,15.0012,100,72.5,45,19.31208,9.65604,0,1013.207489,1009.99042,1006.773351,12.954
"240",2018-07-29,27.1322727272727,26.6688,22.224,18.3348,21.6684,18.3348,16.1124,94,77.5,61,19.31208,9.65604,0,1013.207489,1010.667698,1008.127906,1.016
"241",2018-07-30,27.3845833333333,26.1132,22.224,18.8904,25.002,19.446,17.7792,100,82.5,65,20.92142,10.46071,0,1014.223406,1011.514295,1008.805184,9.906
"242",2018-07-31,19.8083333333333,25.002,21.1128,17.7792,20.0016,18.3348,16.668,96,80.5,65,16.0934,8.0467,0,1016.255239,1013.715447,1011.175656,0.508
"243",2018-08-01,19.4558333333333,27.2244,21.1128,15.5568,21.6684,18.3348,16.1124,100,76,52,16.0934,8.0467,0,1017.948433,1015.408642,1012.86885,1.016
"244",2018-08-02,21.9979166666667,27.78,22.7796,17.7792,20.0016,18.3348,13.89,100,67,34,20.92142,10.46071,0,1018.96435,1016.255239,1013.546128,0
"245",2018-08-03,27.1033333333333,26.6688,21.1128,16.1124,17.7792,16.1124,13.3344,100,67.5,35,24.1401,12.07005,0,1018.96435,1016.424558,1013.884767,0
"246",2018-08-04,26.2783333333333,27.2244,21.1128,14.4456,17.7792,15.0012,12.2232,100,67,34,22.53076,11.26538,0,1018.96435,1016.763197,1014.562045,0
"247",2018-08-05,25.8708333333333,27.78,21.1128,13.89,17.2236,14.4456,11.112,94,65.5,37,16.0934,8.0467,0,1018.96435,1016.085919,1013.207489,0
"248",2018-08-06,24.4925,28.8912,21.6684,14.4456,16.668,14.4456,8.8896,94,58.5,23,14.48406,7.24203,0,1018.96435,1016.085919,1013.207489,0
"249",2018-08-07,29.0720833333333,29.4468,21.6684,13.89,17.2236,14.4456,11.112,88,56,24,14.48406,7.24203,0,1018.96435,1016.424558,1013.884767,0
"250",2018-08-08,29.90625,28.8912,22.224,15.5568,25.002,16.668,14.4456,94,66.5,39,25.74944,12.87472,0,1019.980266,1017.271155,1014.562045,0
"251",2018-08-09,22.8266666666667,28.8912,23.3352,17.2236,18.3348,16.1124,13.89,88,64.5,41,20.92142,10.46071,0,1020.996183,1019.133669,1017.271155,0
"252",2018-08-10,18.97875,27.78,21.6684,15.5568,17.2236,14.4456,12.2232,88,63.5,39,20.92142,10.46071,0,1024.043933,1021.165502,1018.287072,0
"253",2018-08-11,15.2670833333333,27.78,21.1128,14.4456,15.5568,12.7788,10.0008,88,60,32,24.1401,12.07005,0,1024.043933,1019.980266,1015.9166,0
"254",2018-08-12,18.1225,27.78,20.0016,12.7788,15.5568,12.2232,11.112,88,59,30,14.48406,7.24203,0,1022.0121,1019.133669,1016.255239,0
"255",2018-08-13,25.685,28.8912,21.1128,12.7788,21.6684,13.3344,11.112,100,67.5,35,16.0934,8.0467,0,1018.96435,1015.408642,1011.852934,0
"256",2018-08-14,25.9816666666667,30.0024,22.224,14.4456,19.446,13.3344,10.5564,82,59.5,37,20.92142,10.46071,0,1017.271155,1014.223406,1011.175656,0
"257",2018-08-15,25.5379166666667,28.8912,22.224,15.5568,17.7792,13.89,12.2232,82,56,30,19.31208,9.65604,0,1016.255239,1013.376809,1010.498378,0
"258",2018-08-16,26.3416666666667,27.78,20.0016,12.7788,15.0012,13.3344,11.112,94,64,34,19.31208,9.65604,0,1017.271155,1014.054086,1010.837017,0
"259",2018-08-17,29.9825,28.8912,22.224,15.5568,16.1124,13.89,11.112,82,58.5,35,28.96812,14.48406,0,1017.271155,1014.731364,1012.191572,0
"260",2018-08-18,30.3820833333333,30.0024,21.6684,13.3344,16.1124,14.4456,12.7788,100,64,28,24.1401,12.07005,0,1051.135042,1032.171266,1013.207489,0
"261",2018-08-19,28.9116666666667,30.0024,22.224,14.4456,16.1124,13.89,8.8896,94,58,22,27.35878,13.67939,0,1019.980266,1017.101836,1014.223406,0.254
"262",2018-08-20,33.0545833333333,26.6688,20.0016,13.89,17.2236,14.4456,12.7788,94,67.5,41,27.35878,13.67939,0,1017.948433,1016.255239,1014.562045,0
"263",2018-08-21,32.2854166666667,28.8912,21.1128,12.7788,16.668,14.4456,12.2232,94,65.5,37,19.31208,9.65604,0,1018.96435,1016.085919,1013.207489,0
"264",2018-08-22,28.8945833333333,30.0024,21.1128,12.7788,16.1124,13.89,12.2232,94,64.5,35,19.31208,9.65604,0,1019.980266,1016.932517,1013.884767,0
"265",2018-08-23,23.5216666666667,28.8912,21.1128,13.89,18.3348,11.6676,7.7784,97,62,27,27.35878,13.67939,0,1019.980266,1016.424558,1012.86885,0
"266",2018-08-24,21.7620833333333,28.8912,22.224,16.1124,15.0012,13.3344,12.2232,77,55,33,24.1401,12.07005,0,1017.271155,1013.03817,1008.805184,0
"267",2018-08-25,28.4108333333333,28.8912,21.1128,13.89,16.1124,13.89,10.5564,82,59.5,37,20.92142,10.46071,0,1014.223406,1011.175656,1008.127906,0
"268",2018-08-26,29.2733333333333,28.3356,21.1128,13.89,17.2236,14.4456,12.2232,94,64.5,35,20.92142,10.46071,0,1012.191572,1009.313142,1006.434712,3.048
"269",2018-08-27,37.8666666666667,21.1128,18.3348,15.5568,17.7792,15.5568,13.89,94,78,62,27.35878,13.67939,0,1015.239322,1011.344975,1007.450628,0
"270",2018-08-28,16.0586956521739,25.5576,20.0016,13.89,16.1124,13.89,12.7788,88,63.5,39,22.53076,14.48406,6.43736,1017.948433,1015.408642,1012.86885,0
"271",2018-08-29,24.7366666666667,28.8912,21.1128,13.89,16.1124,15.0012,12.7788,100,67,34,12.87472,6.43736,0,1018.96435,1015.747281,1012.530211,0
"272",2018-08-30,28.0104166666667,30.0024,22.224,13.89,18.3348,14.4456,8.8896,100,63.5,27,14.48406,7.24203,0,1018.96435,1015.747281,1012.530211,0
"273",2018-08-31,30.39,30.0024,22.224,15.0012,21.6684,13.89,11.112,94,59,24,19.31208,9.65604,0,1018.96435,1016.255239,1013.546128,0
"274",2018-09-01,30.3793333333333,29.4468,21.6684,13.89,15.0012,12.7788,8.334,88,52.5,17,16.0934,8.0467,0,1019.980266,1017.271155,1014.562045,0
"275",2018-09-02,30.025,30.558,21.6684,12.7788,13.89,11.112,7.2228,88,52,16,25.74944,12.87472,0,1020.996183,1018.287072,1015.577961,0
"276",2018-09-03,35.1983333333333,28.3356,22.224,15.5568,17.7792,13.3344,9.4452,88,59.5,31,28.96812,14.48406,0,1017.948433,1013.884767,1009.8211,3.048
"277",2018-09-04,26.6391666666667,26.6688,21.1128,15.5568,17.2236,15.5568,11.112,100,67,34,24.1401,12.07005,0,1014.223406,1010.837017,1007.450628,0
"278",2018-09-05,12.34125,23.8908,20.0016,15.5568,15.0012,12.7788,11.112,88,64,40,25.74944,12.87472,0,1013.207489,1011.344975,1009.482462,0
"279",2018-09-06,19.915,23.8908,18.3348,12.7788,13.89,12.7788,11.112,94,66,38,19.31208,11.26538,3.21868,1013.207489,1011.514295,1009.8211,0.254
"280",2018-09-07,25.9579166666667,26.6688,18.8904,10.5564,13.89,11.112,7.7784,100,62.5,25,25.74944,12.87472,0,1015.239322,1012.360892,1009.482462,0
"281",2018-09-08,26.5279166666667,23.8908,17.2236,10.5564,15.0012,11.6676,10.0008,94,65.5,37,24.1401,12.07005,0,1018.96435,1016.424558,1013.884767,0
"282",2018-09-09,22.3120833333333,24.4464,18.8904,12.7788,16.1124,12.7788,10.0008,94,65,36,20.92142,10.46071,0,1020.996183,1018.79503,1016.593878,3.048
"283",2018-09-10,22.8583333333333,25.002,17.7792,10.5564,12.2232,10.0008,8.8896,88,57.5,27,25.74944,12.87472,0,1022.0121,1019.980266,1017.948433,0
"284",2018-09-11,20.3833333333333,25.002,17.7792,10.0008,10.5564,8.8896,6.1116,94,60,26,20.92142,10.46071,0,1023.028016,1021.165502,1019.302989,0
"285",2018-09-12,22.35125,25.002,16.668,7.7784,10.0008,8.8896,7.2228,94,60,26,20.92142,10.46071,0,1025.059849,1022.350738,1019.641628,0
"286",2018-09-13,27.0395833333333,23.8908,16.668,10.0008,12.2232,11.112,7.7784,91,65.5,40,20.92142,10.46071,0,1022.0121,1018.287072,1014.562045,0
"287",2018-09-14,28.6204166666667,25.5576,17.2236,8.8896,12.2232,10.5564,8.334,100,62.5,25,9.65604,4.82802,0,1017.948433,1015.9166,1013.884767,0
"288",2018-09-15,29.41,27.2244,18.3348,9.4452,12.7788,10.5564,7.7784,94,60,26,20.92142,10.46071,0,1022.0121,1018.79503,1015.577961,0
